PaymentID,OrderID,Status,Amount,PaymentDate
1,1,Paid,4222.12,2025-08-17 13:27:06
2,2,Pending,1183.79,2025-06-16 12:59:01
3,3,Paid,2035.77,2025-04-29 14:21:00
4,4,Pending,4570.02,2025-08-09 20:00:38
5,5,Refunded,1607.66,2025-08-30 04:23:39
6,6,Paid,2008.38,2025-01-24 09:23:13
7,7,Refunded,2321.32,2025-08-25 18:10:18
8,8,Pending,1270.81,2025-02-08 12:55:26
9,9,Refunded,1350.57,2025-03-22 16:43:25
10,10,Paid,4494.22,2025-08-31 22:13:21
11,11,Paid,1135.64,2025-03-23 22:53:50
12,12,Refunded,2492.9,2025-04-13 18:40:50
13,13,Pending,4312.46,2025-09-14 11:38:11
14,14,Refunded,841.91,2025-02-01 12:43:19
15,15,Paid,3002.22,2025-03-02 23:52:41
